{
  "IcoMoonType": "selection",
  "icons": [
    {
      "icon": {
        "paths": [
          "M224 0c-106.040 0-192 100.288-192 224 0 105.924 63.022 194.666 147.706 217.998l-31.788 518.124c-2.154 35.132 24.882 63.878 60.082 63.878h32c35.2 0 62.236-28.746 60.082-63.878l-31.788-518.124c84.684-23.332 147.706-112.074 147.706-217.998 0-123.712-85.96-224-192-224zM869.334 0l-53.334 320h-40l-26.666-320h-26.668l-26.666 320h-40l-53.334-320h-26.666v416c0 17.672 14.326 32 32 32h83.338l-31.42 512.122c-2.154 35.132 24.882 63.878 60.082 63.878h32c35.2 0 62.236-28.746 60.082-63.878l-31.42-512.122h83.338c17.674 0 32-14.328 32-32v-416h-26.666z"
        ],
        "tags": [
          "spoon-knife",
          "food",
          "restaurant"
        ],
        "defaultCode": 59811,
        "grid": 16,
        "attrs": []
      },
      "attrs": [],
      "properties": {
        "ligatures": "spoon-knife, food",
        "name": "spoon-knife",
        "order": 6,
        "id": 164,
        "prevSize": 32
      },
      "setIdx": 0,
      "setId": 1,
      "iconIdx": 163
    },
    {
      "icon": {
        "paths": [
          "M321.008 1024c-68.246-142.008-31.902-223.378 20.55-300.044 57.44-83.956 72.244-167.066 72.244-167.066s45.154 58.7 27.092 150.508c79.772-88.8 94.824-230.28 82.782-284.464 180.314 126.012 257.376 398.856 153.522 601.066 552.372-312.532 137.398-780.172 65.154-832.85 24.082 52.676 28.648 141.85-20 185.126-82.352-312.276-285.972-376.276-285.972-376.276 24.082 161.044-87.296 337.144-194.696 468.73-3.774-64.216-7.782-108.528-41.55-169.98-7.58 116.656-96.732 211.748-120.874 328.628-32.702 158.286 24.496 274.18 241.748 396.622z"
        ],
        "tags": [
          "fire",
          "flame",
          "hot",
          "popular"
        ],
        "defaultCode": 59817,
        "grid": 16,
        "attrs": []
      },
      "attrs": [],
      "properties": {
        "ligatures": "fire, flame",
        "name": "fire",
        "order": 5,
        "id": 170,
        "prevSize": 32
      },
      "setIdx": 0,
      "setId": 1,
      "iconIdx": 169
    },
    {
      "icon": {
        "paths": [
          "M1024 397.050l-353.78-51.408-158.22-320.582-158.216 320.582-353.784 51.408 256 249.538-60.432 352.352 316.432-166.358 316.432 166.358-60.434-352.352 256.002-249.538zM512 753.498l-223.462 117.48 42.676-248.83-180.786-176.222 249.84-36.304 111.732-226.396 111.736 226.396 249.836 36.304-180.788 176.222 42.678 248.83-223.462-117.48z"
        ],
        "tags": [
          "star-empty",
          "rate",
          "star",
          "favorite",
          "bookmark"
        ],
        "defaultCode": 59863,
        "grid": 16,
        "attrs": []
      },
      "attrs": [],
      "properties": {
        "ligatures": "star-empty, rate",
        "name": "star-empty",
        "order": 7,
        "id": 216,
        "prevSize": 32
      },
      "setIdx": 0,
      "setId": 1,
      "iconIdx": 215
    }
  ],
  "height": 1024,
  "preferences": {
    "showGlyphs": true,
    "showQuickUse": true,
    "showQuickUse2": true,
    "showSVGs": true,
    "fontPref": {
      "prefix": "icon-",
      "metadata": {
        "fontFamily": "icomoon"
      },
      "metrics": {
        "emSize": 1024,
        "baseline": 6.25,
        "whitespace": 50
      },
      "embed": false
    },
    "imagePref": {
      "prefix": "icon-",
      "png": true,
      "useClassSelector": true,
      "color": 0,
      "bgColor": 16777215,
      "classSelector": ".icon",
      "name": "icomoon"
    },
    "historySize": 50,
    "showCodes": true,
    "gridSize": 16
  }
}